epoch,time,train/giou_loss,train/cls_loss,train/l1_loss,metrics/precision(B),metrics/recall(B),metrics/mAP50(B),metrics/mAP50-95(B),val/giou_loss,val/cls_loss,val/l1_loss,lr/pg0,lr/pg1,lr/pg2
1,519.41,2.00844,0.18987,0.58274,0.0064,0.01962,0.00363,0.00078,1.86731,0.25809,0.50044,0.0667412,3.32921e-05,3.32921e-05
2,961.092,1.84531,0.27127,0.42312,0.41388,0.02319,0.00893,0.00194,1.7569,0.31582,0.3938,0.0334409,6.64036e-05,6.64036e-05
3,1364.7,1.72073,0.35245,0.35581,0.13601,0.08381,0.03477,0.01101,1.60624,0.43303,0.29565,0.000140496,9.92931e-05,9.92931e-05
4,1786.06,1.51762,0.49137,0.27736,0.26999,0.10455,0.05026,0.02213,1.33873,0.56953,0.22395,9.9001e-05,9.9001e-05,9.9001e-05
5,2201.22,1.35202,0.57091,0.2238,0.31562,0.14499,0.07378,0.03717,1.25613,0.58861,0.21296,9.8668e-05,9.8668e-05,9.8668e-05
6,4415.78,1.30348,0.5661,0.19993,0.34162,0.1287,0.08826,0.04457,1.1506,0.59302,0.17684,9.8335e-05,9.8335e-05,9.8335e-05
7,4831.23,1.24404,0.5703,0.18626,0.32733,0.16003,0.12588,0.06679,1.18744,0.57008,0.18199,9.8002e-05,9.8002e-05,9.8002e-05
8,5230.45,1.21295,0.56385,0.1768,0.30436,0.17312,0.14338,0.07808,1.08166,0.59041,0.15683,9.7669e-05,9.7669e-05,9.7669e-05
9,5640.82,1.1897,0.57046,0.16972,0.2512,0.18672,0.16063,0.0886,1.04644,0.58592,0.14968,9.7336e-05,9.7336e-05,9.7336e-05
10,6040.18,1.16053,0.56241,0.16065,0.24841,0.18903,0.16466,0.09032,1.09659,0.57016,0.15331,9.7003e-05,9.7003e-05,9.7003e-05
11,6475.8,1.139,0.56808,0.15408,0.27818,0.21523,0.18691,0.10438,1.04158,0.58289,0.14629,9.667e-05,9.667e-05,9.667e-05
12,7943.1,1.12427,0.56848,0.15374,0.2933,0.22716,0.19022,0.1055,1.01464,0.58717,0.13663,9.6337e-05,9.6337e-05,9.6337e-05
13,8353.99,1.10292,0.56609,0.14538,0.27988,0.21206,0.19259,0.10881,1.00117,0.58752,0.13567,9.6004e-05,9.6004e-05,9.6004e-05
14,9274.77,1.08139,0.56421,0.14086,0.33178,0.24529,0.21867,0.12674,0.96983,0.58708,0.13023,9.5671e-05,9.5671e-05,9.5671e-05
15,9688.9,1.06058,0.56552,0.13596,0.33179,0.25462,0.22941,0.13115,0.98187,0.57883,0.13395,9.5338e-05,9.5338e-05,9.5338e-05
16,12628.1,1.05221,0.56503,0.13398,0.34067,0.2672,0.23953,0.13489,0.95494,0.58359,0.12198,9.5005e-05,9.5005e-05,9.5005e-05
17,13063.8,1.04234,0.56255,0.1306,0.34085,0.26643,0.23511,0.13424,0.94318,0.58782,0.12365,9.4672e-05,9.4672e-05,9.4672e-05
18,13461.7,1.02921,0.56014,0.12667,0.359,0.27878,0.25392,0.14556,0.92114,0.58659,0.11751,9.4339e-05,9.4339e-05,9.4339e-05
19,13872.4,1.01696,0.56096,0.12555,0.3805,0.28748,0.26977,0.15719,0.91088,0.58071,0.11718,9.4006e-05,9.4006e-05,9.4006e-05
20,14385.6,1.01487,0.55953,0.12386,0.3741,0.28156,0.2615,0.14844,0.89757,0.58455,0.11177,9.3673e-05,9.3673e-05,9.3673e-05
21,14789.3,0.99978,0.56041,0.12111,0.37874,0.29623,0.27309,0.15827,0.8927,0.5834,0.11063,9.334e-05,9.334e-05,9.334e-05
22,15189.4,1.00525,0.56378,0.12302,0.37059,0.28572,0.26745,0.15359,0.91904,0.58162,0.11937,9.3007e-05,9.3007e-05,9.3007e-05
23,15587.3,0.98565,0.5613,0.11746,0.38582,0.29389,0.27589,0.16035,0.91747,0.57876,0.1208,9.2674e-05,9.2674e-05,9.2674e-05
24,16698.7,0.97234,0.55913,0.11682,0.41748,0.30413,0.29391,0.17186,0.86848,0.57942,0.10799,9.2341e-05,9.2341e-05,9.2341e-05
25,17106.9,0.96158,0.55906,0.11317,0.41716,0.30506,0.29907,0.17301,0.88161,0.57605,0.11202,9.2008e-05,9.2008e-05,9.2008e-05
26,18856.3,0.9593,0.55733,0.11343,0.42911,0.30651,0.29927,0.1753,0.85386,0.57886,0.10304,9.1675e-05,9.1675e-05,9.1675e-05
27,19265.9,0.95362,0.55172,0.11165,0.43381,0.31492,0.30664,0.17686,0.86311,0.5742,0.10612,9.1342e-05,9.1342e-05,9.1342e-05
28,21281.7,0.94988,0.55651,0.11069,0.42302,0.31389,0.30564,0.18046,0.84635,0.58386,0.10468,9.1009e-05,9.1009e-05,9.1009e-05
29,21681.1,0.94808,0.55768,0.11089,0.42132,0.3112,0.30086,0.17693,0.86942,0.57675,0.10903,9.0676e-05,9.0676e-05,9.0676e-05
30,22099.2,0.94031,0.55584,0.10863,0.43696,0.32724,0.3189,0.18769,0.85872,0.57336,0.10564,9.0343e-05,9.0343e-05,9.0343e-05
31,22510.2,0.93442,0.5554,0.10753,0.43304,0.33605,0.32195,0.18885,0.83788,0.57638,0.10385,9.001e-05,9.001e-05,9.001e-05
32,23134.2,0.9227,0.56117,0.106,0.43092,0.33483,0.3265,0.19236,0.84161,0.5729,0.10131,8.9677e-05,8.9677e-05,8.9677e-05
33,23543.7,0.92563,0.55329,0.10581,0.45259,0.3314,0.33222,0.19645,0.83764,0.57317,0.10273,8.9344e-05,8.9344e-05,8.9344e-05
34,23941,0.91618,0.55775,0.10544,0.44033,0.33911,0.33316,0.1949,0.83122,0.57272,0.09868,8.9011e-05,8.9011e-05,8.9011e-05
35,24416.7,0.9093,0.55315,0.10297,0.43766,0.33232,0.3281,0.19359,0.83621,0.57175,0.10273,8.8678e-05,8.8678e-05,8.8678e-05
36,24813.2,0.90497,0.54915,0.10114,0.45616,0.34256,0.33898,0.20067,0.81497,0.57432,0.09603,8.8345e-05,8.8345e-05,8.8345e-05
37,25226.3,0.90706,0.55319,0.10226,0.45441,0.33394,0.3322,0.19535,0.81926,0.57487,0.09841,8.8012e-05,8.8012e-05,8.8012e-05
38,26619.6,0.89842,0.55024,0.10132,0.45945,0.33993,0.34112,0.20279,0.8195,0.57229,0.09999,8.7679e-05,8.7679e-05,8.7679e-05
39,27055.7,0.89629,0.54976,0.09979,0.46456,0.34461,0.3439,0.20364,0.80812,0.57454,0.09919,8.7346e-05,8.7346e-05,8.7346e-05
40,28055.4,0.89167,0.55211,0.09865,0.46373,0.34204,0.34383,0.20467,0.80196,0.57453,0.09557,8.7013e-05,8.7013e-05,8.7013e-05
41,28455.9,0.88698,0.55029,0.0983,0.4779,0.34731,0.35185,0.20945,0.80037,0.57464,0.09531,8.668e-05,8.668e-05,8.668e-05
42,30794.7,0.8865,0.55047,0.09789,0.46761,0.34676,0.34778,0.20775,0.80336,0.57729,0.09551,8.6347e-05,8.6347e-05,8.6347e-05
43,31204.1,0.88291,0.54938,0.09734,0.48868,0.34947,0.35775,0.21441,0.79541,0.57599,0.09463,8.6014e-05,8.6014e-05,8.6014e-05
44,31602.5,0.88185,0.54738,0.09669,0.47722,0.35858,0.35609,0.21255,0.7977,0.5722,0.09488,8.5681e-05,8.5681e-05,8.5681e-05
45,31998.9,0.87554,0.54803,0.09581,0.48804,0.35571,0.36287,0.21612,0.78833,0.57439,0.09245,8.5348e-05,8.5348e-05,8.5348e-05
46,33956.3,0.87643,0.54852,0.09606,0.49147,0.35481,0.36267,0.21613,0.78896,0.57358,0.09408,8.5015e-05,8.5015e-05,8.5015e-05
47,34366.3,0.87284,0.54948,0.09535,0.47537,0.36689,0.36393,0.21698,0.78702,0.57243,0.09196,8.4682e-05,8.4682e-05,8.4682e-05
48,34991.9,0.86488,0.54954,0.09201,0.48545,0.3538,0.36164,0.21572,0.77988,0.5735,0.09133,8.4349e-05,8.4349e-05,8.4349e-05
49,35389.1,0.86991,0.54611,0.09506,0.48924,0.36501,0.36893,0.22134,0.78027,0.5732,0.09192,8.4016e-05,8.4016e-05,8.4016e-05
50,38689.9,0.85742,0.54454,0.09247,0.49693,0.3693,0.37543,0.22483,0.77849,0.57052,0.09025,8.3683e-05,8.3683e-05,8.3683e-05
51,39101.9,0.85658,0.54647,0.09231,0.49008,0.3634,0.37006,0.22173,0.77777,0.5734,0.09159,8.335e-05,8.335e-05,8.335e-05
52,40242.8,0.85791,0.54539,0.09311,0.49598,0.36517,0.37395,0.22493,0.77392,0.57369,0.09004,8.3017e-05,8.3017e-05,8.3017e-05
53,40652.2,0.84656,0.54748,0.09016,0.50607,0.36496,0.37698,0.22697,0.77402,0.57185,0.09118,8.2684e-05,8.2684e-05,8.2684e-05
54,42206.3,0.8504,0.5463,0.09083,0.48867,0.37034,0.37691,0.22652,0.76732,0.57379,0.08939,8.2351e-05,8.2351e-05,8.2351e-05
55,42718.7,0.84609,0.54671,0.0902,0.5015,0.37542,0.37864,0.22939,0.76949,0.571,0.08968,8.2018e-05,8.2018e-05,8.2018e-05
56,43524.8,0.83971,0.54304,0.08887,0.51085,0.37234,0.38496,0.23288,0.76733,0.5706,0.08903,8.1685e-05,8.1685e-05,8.1685e-05
57,43934.6,0.83727,0.54388,0.08959,0.51283,0.378,0.38485,0.23203,0.7641,0.57161,0.0896,8.1352e-05,8.1352e-05,8.1352e-05
58,44331.8,0.83078,0.5432,0.08838,0.50887,0.37439,0.38128,0.23002,0.75992,0.57204,0.08686,8.1019e-05,8.1019e-05,8.1019e-05
59,44834.8,0.83077,0.54392,0.08811,0.51917,0.37657,0.38435,0.23131,0.75787,0.56975,0.08716,8.0686e-05,8.0686e-05,8.0686e-05
60,45252.2,0.82602,0.54212,0.08727,0.5144,0.37489,0.3868,0.23339,0.76234,0.57017,0.0893,8.0353e-05,8.0353e-05,8.0353e-05
61,45661.8,0.82768,0.54243,0.08781,0.51667,0.3786,0.3906,0.23762,0.75367,0.57203,0.08725,8.002e-05,8.002e-05,8.002e-05
62,48311.1,0.8208,0.54178,0.08642,0.51926,0.37641,0.38833,0.23684,0.75184,0.57216,0.08698,7.9687e-05,7.9687e-05,7.9687e-05
63,48719.8,0.82128,0.53743,0.08518,0.51317,0.38578,0.39407,0.23859,0.75112,0.57058,0.08621,7.9354e-05,7.9354e-05,7.9354e-05
64,50333.3,0.82159,0.54242,0.08577,0.51113,0.38612,0.39391,0.23807,0.75227,0.56916,0.087,7.9021e-05,7.9021e-05,7.9021e-05
65,50767.1,0.81722,0.54542,0.08522,0.52204,0.38104,0.39351,0.23808,0.75264,0.56933,0.08702,7.8688e-05,7.8688e-05,7.8688e-05
66,51163.8,0.80883,0.53748,0.08456,0.51689,0.38804,0.39462,0.23782,0.74916,0.56922,0.08556,7.8355e-05,7.8355e-05,7.8355e-05
67,51571.5,0.81475,0.53755,0.08427,0.52541,0.38342,0.39661,0.23991,0.74713,0.57018,0.08524,7.8022e-05,7.8022e-05,7.8022e-05
68,51969.3,0.81712,0.53657,0.0851,0.52085,0.3812,0.39475,0.23991,0.74758,0.56979,0.08452,7.7689e-05,7.7689e-05,7.7689e-05
69,52383.9,0.80485,0.53826,0.08374,0.52759,0.38089,0.39698,0.2405,0.74442,0.56896,0.0842,7.7356e-05,7.7356e-05,7.7356e-05
70,52817.4,0.80741,0.54126,0.08424,0.51812,0.39001,0.40076,0.2436,0.74172,0.56872,0.08397,7.7023e-05,7.7023e-05,7.7023e-05
71,53216.8,0.80544,0.53705,0.08364,0.52757,0.38831,0.3994,0.24273,0.74191,0.56833,0.08392,7.669e-05,7.669e-05,7.669e-05
72,55919.4,0.80373,0.5374,0.08288,0.52876,0.38875,0.40168,0.24351,0.74068,0.56745,0.08385,7.6357e-05,7.6357e-05,7.6357e-05
73,56329.7,0.80263,0.53534,0.08287,0.52753,0.39603,0.40382,0.24496,0.73782,0.56897,0.08382,7.6024e-05,7.6024e-05,7.6024e-05
74,56762.8,0.79947,0.53475,0.08155,0.52478,0.3937,0.40552,0.24648,0.73838,0.56732,0.08345,7.5691e-05,7.5691e-05,7.5691e-05
75,57161.2,0.79798,0.53663,0.08185,0.52142,0.39556,0.40543,0.24768,0.73342,0.57004,0.08161,7.5358e-05,7.5358e-05,7.5358e-05
76,57559.1,0.79773,0.53511,0.08131,0.52371,0.39403,0.40667,0.2472,0.73058,0.56996,0.08209,7.5025e-05,7.5025e-05,7.5025e-05
77,57967.4,0.79392,0.53445,0.08102,0.53313,0.3966,0.40927,0.24857,0.73173,0.5699,0.08155,7.4692e-05,7.4692e-05,7.4692e-05
78,58365.3,0.79411,0.53383,0.08139,0.5251,0.39375,0.40663,0.2465,0.73331,0.56831,0.08234,7.4359e-05,7.4359e-05,7.4359e-05
79,58763.5,0.78772,0.53581,0.08069,0.53395,0.39618,0.40918,0.24797,0.73076,0.56779,0.08191,7.4026e-05,7.4026e-05,7.4026e-05
80,59183,0.7915,0.53605,0.08114,0.53376,0.39387,0.40921,0.24915,0.73019,0.5694,0.08208,7.3693e-05,7.3693e-05,7.3693e-05
81,59659.7,0.78672,0.53633,0.08101,0.53554,0.3963,0.41148,0.25033,0.7282,0.56846,0.08153,7.336e-05,7.336e-05,7.336e-05
82,60225.1,0.77689,0.53306,0.07923,0.5417,0.40062,0.41319,0.25119,0.72639,0.56844,0.08142,7.3027e-05,7.3027e-05,7.3027e-05
83,60635,0.77726,0.53216,0.07853,0.54029,0.40081,0.41674,0.25369,0.7259,0.56689,0.08116,7.2694e-05,7.2694e-05,7.2694e-05
84,61052.7,0.77745,0.53026,0.0801,0.5511,0.40245,0.41657,0.25404,0.72592,0.56577,0.08105,7.2361e-05,7.2361e-05,7.2361e-05
85,61465.2,0.77973,0.53018,0.07852,0.54213,0.40736,0.41813,0.25476,0.72608,0.5663,0.08129,7.2028e-05,7.2028e-05,7.2028e-05
86,62251.4,0.77199,0.52932,0.07717,0.55106,0.40786,0.42057,0.25668,0.72488,0.56665,0.08128,7.1695e-05,7.1695e-05,7.1695e-05
87,62652.5,0.77329,0.53068,0.07769,0.55176,0.40506,0.41952,0.25587,0.72106,0.56756,0.08052,7.1362e-05,7.1362e-05,7.1362e-05
88,63050.2,0.77058,0.53006,0.07729,0.5477,0.40689,0.42015,0.2568,0.72071,0.56831,0.08125,7.1029e-05,7.1029e-05,7.1029e-05
89,63448.1,0.77383,0.52887,0.07741,0.5489,0.40587,0.42119,0.25816,0.71811,0.56784,0.08091,7.0696e-05,7.0696e-05,7.0696e-05
90,63976.4,0.77254,0.52868,0.07833,0.55083,0.40625,0.42037,0.25681,0.71688,0.5681,0.07961,7.0363e-05,7.0363e-05,7.0363e-05
91,64373.9,0.7766,0.53442,0.07867,0.55037,0.40929,0.42154,0.25675,0.71576,0.56889,0.07943,7.003e-05,7.003e-05,7.003e-05
92,64815.4,0.76862,0.52674,0.0775,0.5573,0.40982,0.42663,0.26129,0.71665,0.56769,0.0793,6.9697e-05,6.9697e-05,6.9697e-05
93,65216.5,0.76477,0.52688,0.07589,0.55669,0.40918,0.42571,0.26024,0.71672,0.56715,0.07977,6.9364e-05,6.9364e-05,6.9364e-05
94,65615.4,0.76903,0.52659,0.0767,0.54908,0.41199,0.42467,0.25959,0.71622,0.56783,0.07971,6.9031e-05,6.9031e-05,6.9031e-05
95,66023.7,0.7605,0.52861,0.07552,0.55103,0.41348,0.42429,0.25974,0.71758,0.56736,0.08001,6.8698e-05,6.8698e-05,6.8698e-05
96,66864.2,0.76183,0.52433,0.0754,0.55947,0.40815,0.42358,0.25981,0.7172,0.56689,0.08028,6.8365e-05,6.8365e-05,6.8365e-05
97,67261.8,0.76648,0.52436,0.07636,0.56783,0.40867,0.42549,0.26037,0.71591,0.56716,0.08009,6.8032e-05,6.8032e-05,6.8032e-05
98,67658.9,0.75937,0.52475,0.07518,0.56367,0.41089,0.42848,0.26115,0.71427,0.56675,0.07968,6.7699e-05,6.7699e-05,6.7699e-05
99,68055.8,0.75965,0.52309,0.07521,0.56103,0.412,0.42979,0.26262,0.71224,0.56701,0.07924,6.7366e-05,6.7366e-05,6.7366e-05
100,68451.6,0.75673,0.52655,0.07446,0.56294,0.41103,0.42927,0.2615,0.7119,0.56739,0.07953,6.7033e-05,6.7033e-05,6.7033e-05
101,68856.3,0.75503,0.52258,0.07503,0.56235,0.41243,0.42888,0.26176,0.7116,0.56813,0.07945,6.67e-05,6.67e-05,6.67e-05
102,69251.7,0.75859,0.52849,0.07541,0.56486,0.40997,0.42926,0.26247,0.71086,0.56757,0.07894,6.6367e-05,6.6367e-05,6.6367e-05
103,69647.1,0.75258,0.52224,0.07396,0.55947,0.41364,0.43064,0.26353,0.70948,0.56647,0.07873,6.6034e-05,6.6034e-05,6.6034e-05
104,72143.7,0.75377,0.52381,0.07509,0.56034,0.41456,0.43075,0.2639,0.70932,0.56612,0.07907,6.5701e-05,6.5701e-05,6.5701e-05
105,72553.3,0.75516,0.52151,0.07482,0.55942,0.41472,0.43162,0.26499,0.70816,0.56575,0.07878,6.5368e-05,6.5368e-05,6.5368e-05
106,74483.5,0.75305,0.52156,0.07382,0.56353,0.41544,0.43378,0.26577,0.70786,0.56555,0.07851,6.5035e-05,6.5035e-05,6.5035e-05
107,74883.2,0.745,0.51954,0.07337,0.5613,0.41935,0.43506,0.26646,0.70658,0.5657,0.07814,6.4702e-05,6.4702e-05,6.4702e-05
108,75621.7,0.74352,0.51893,0.07238,0.56439,0.41937,0.43591,0.26723,0.70578,0.56524,0.07798,6.4369e-05,6.4369e-05,6.4369e-05
109,76021.6,0.74847,0.51714,0.07332,0.56219,0.41917,0.43494,0.26637,0.70563,0.56594,0.07797,6.4036e-05,6.4036e-05,6.4036e-05
110,78495.5,0.74747,0.52349,0.07349,0.5638,0.42147,0.43651,0.26807,0.7047,0.56631,0.07801,6.3703e-05,6.3703e-05,6.3703e-05
111,78897.1,0.7429,0.52142,0.07262,0.56592,0.42069,0.43705,0.26834,0.70464,0.56667,0.07788,6.337e-05,6.337e-05,6.337e-05
112,80927.6,0.73964,0.51841,0.07238,0.56634,0.42241,0.43779,0.2686,0.70214,0.56781,0.07741,6.3037e-05,6.3037e-05,6.3037e-05
113,81337.4,0.74288,0.51789,0.07374,0.56559,0.42481,0.43828,0.2687,0.70227,0.56757,0.07778,6.2704e-05,6.2704e-05,6.2704e-05
114,81768.5,0.73983,0.51881,0.07248,0.56502,0.42241,0.43734,0.26835,0.70175,0.56766,0.07746,6.2371e-05,6.2371e-05,6.2371e-05
115,82167.2,0.73688,0.51623,0.07241,0.57141,0.42135,0.43771,0.26885,0.70232,0.56776,0.07805,6.2038e-05,6.2038e-05,6.2038e-05
116,82563.1,0.74103,0.51848,0.07212,0.56901,0.42395,0.43822,0.26933,0.7017,0.56801,0.07776,6.1705e-05,6.1705e-05,6.1705e-05
117,82961,0.7389,0.516,0.07232,0.57205,0.4206,0.43666,0.26807,0.70187,0.56714,0.07781,6.1372e-05,6.1372e-05,6.1372e-05
118,83357.3,0.73432,0.51669,0.07157,0.56599,0.42158,0.43633,0.26815,0.70085,0.56721,0.07777,6.1039e-05,6.1039e-05,6.1039e-05
119,83756.1,0.73619,0.51763,0.07238,0.56566,0.4226,0.43765,0.26878,0.69965,0.56755,0.07761,6.0706e-05,6.0706e-05,6.0706e-05
120,84155.2,0.73435,0.51452,0.07175,0.56724,0.42247,0.43768,0.26892,0.69766,0.56854,0.07715,6.0373e-05,6.0373e-05,6.0373e-05
121,84553,0.73001,0.51493,0.07085,0.57018,0.4223,0.43856,0.26934,0.69692,0.56881,0.07701,6.004e-05,6.004e-05,6.004e-05
122,85311.1,0.73093,0.51386,0.07061,0.56796,0.42225,0.43837,0.26909,0.6965,0.56874,0.07707,5.9707e-05,5.9707e-05,5.9707e-05
123,85711.5,0.73017,0.5134,0.07091,0.57157,0.42204,0.43919,0.26991,0.69598,0.56859,0.07694,5.9374e-05,5.9374e-05,5.9374e-05
124,87858.5,0.72945,0.51358,0.07107,0.57135,0.42374,0.43936,0.26975,0.69478,0.56871,0.07685,5.9041e-05,5.9041e-05,5.9041e-05
125,88367.5,0.73079,0.51195,0.07083,0.57027,0.42624,0.43952,0.27022,0.69497,0.56884,0.07656,5.8708e-05,5.8708e-05,5.8708e-05
126,89907.5,0.72614,0.51243,0.07125,0.57212,0.42536,0.44027,0.27069,0.69429,0.5693,0.07651,5.8375e-05,5.8375e-05,5.8375e-05
127,90317.9,0.73413,0.51222,0.07019,0.57477,0.42539,0.44047,0.27112,0.69361,0.56978,0.07632,5.8042e-05,5.8042e-05,5.8042e-05
128,91005,0.72287,0.51031,0.06998,0.57246,0.42566,0.44087,0.27134,0.69306,0.56925,0.07624,5.7709e-05,5.7709e-05,5.7709e-05
129,91414.1,0.72405,0.50877,0.06971,0.57733,0.42434,0.44143,0.27168,0.69216,0.56937,0.07601,5.7376e-05,5.7376e-05,5.7376e-05
130,92078.4,0.71839,0.51045,0.0697,0.57708,0.42546,0.44224,0.272,0.69296,0.56868,0.07614,5.7043e-05,5.7043e-05,5.7043e-05
131,92491.2,0.71655,0.51053,0.06911,0.57901,0.42439,0.4423,0.27218,0.69282,0.56874,0.07595,5.671e-05,5.671e-05,5.671e-05
132,92890.5,0.72131,0.51097,0.06976,0.5726,0.42672,0.4424,0.27243,0.69259,0.56915,0.07581,5.6377e-05,5.6377e-05,5.6377e-05
133,93290.5,0.7201,0.5088,0.06882,0.57629,0.42625,0.44256,0.27252,0.69235,0.56884,0.07576,5.6044e-05,5.6044e-05,5.6044e-05
134,93689.4,0.72031,0.50838,0.0691,0.576,0.42493,0.44351,0.27261,0.69147,0.56881,0.07563,5.5711e-05,5.5711e-05,5.5711e-05
135,94201.5,0.71804,0.50772,0.06908,0.57317,0.42753,0.44316,0.27234,0.69057,0.56913,0.07552,5.5378e-05,5.5378e-05,5.5378e-05
136,94832.4,0.71489,0.50778,0.06876,0.57392,0.42803,0.4438,0.27273,0.69077,0.56905,0.0753,5.5045e-05,5.5045e-05,5.5045e-05
137,95243.8,0.71573,0.50488,0.06842,0.5737,0.42969,0.44482,0.27339,0.69037,0.56909,0.07506,5.4712e-05,5.4712e-05,5.4712e-05
138,96078,0.71659,0.50653,0.06813,0.57216,0.42894,0.44432,0.27293,0.69051,0.5689,0.07519,5.4379e-05,5.4379e-05,5.4379e-05
139,96476.2,0.71285,0.50636,0.06843,0.56873,0.42967,0.44372,0.27279,0.6897,0.56935,0.07506,5.4046e-05,5.4046e-05,5.4046e-05
140,100523,0.713,0.50602,0.06854,0.57239,0.42952,0.44407,0.27331,0.68866,0.56957,0.07496,5.3713e-05,5.3713e-05,5.3713e-05
141,100923,0.71233,0.50836,0.06766,0.57317,0.42923,0.44525,0.27419,0.68825,0.56937,0.07497,5.338e-05,5.338e-05,5.338e-05
142,101322,0.71116,0.50597,0.06822,0.57619,0.42865,0.44602,0.27471,0.6891,0.56916,0.07497,5.3047e-05,5.3047e-05,5.3047e-05
143,101722,0.70823,0.50643,0.06783,0.5773,0.42945,0.44664,0.2753,0.68891,0.56927,0.07498,5.2714e-05,5.2714e-05,5.2714e-05
144,102119,0.70836,0.5027,0.06765,0.57583,0.43162,0.4472,0.27579,0.68888,0.56899,0.07506,5.2381e-05,5.2381e-05,5.2381e-05
145,102529,0.70726,0.50227,0.06671,0.5769,0.43115,0.44722,0.27575,0.68835,0.56926,0.07521,5.2048e-05,5.2048e-05,5.2048e-05
146,102927,0.71713,0.50415,0.06795,0.57745,0.43272,0.44719,0.27565,0.68825,0.56912,0.0752,5.1715e-05,5.1715e-05,5.1715e-05
147,103359,0.70902,0.50278,0.06761,0.57874,0.43173,0.44679,0.27566,0.68802,0.56929,0.07518,5.1382e-05,5.1382e-05,5.1382e-05
148,103778,0.7059,0.50195,0.06684,0.58005,0.4317,0.44727,0.27618,0.68764,0.56925,0.07516,5.1049e-05,5.1049e-05,5.1049e-05
149,104285,0.70592,0.50318,0.06721,0.58312,0.43019,0.44755,0.27608,0.68726,0.56948,0.07517,5.0716e-05,5.0716e-05,5.0716e-05
150,104715,0.70445,0.50235,0.06681,0.58233,0.43149,0.4476,0.2762,0.68681,0.56969,0.07503,5.0383e-05,5.0383e-05,5.0383e-05
151,105148,0.70298,0.50334,0.06626,0.58215,0.43037,0.4471,0.27581,0.68618,0.56958,0.07487,5.005e-05,5.005e-05,5.005e-05
152,105561,0.70406,0.50066,0.06684,0.58324,0.43182,0.44913,0.27673,0.68574,0.5695,0.07486,4.9717e-05,4.9717e-05,4.9717e-05
153,106032,0.69826,0.50203,0.06652,0.58407,0.43228,0.44932,0.27688,0.68556,0.56946,0.07482,4.9384e-05,4.9384e-05,4.9384e-05
154,106430,0.70048,0.49856,0.06634,0.58532,0.43286,0.44998,0.27707,0.68524,0.56936,0.07487,4.9051e-05,4.9051e-05,4.9051e-05
155,106839,0.70216,0.49942,0.06616,0.58755,0.43239,0.44985,0.27699,0.68571,0.56933,0.07479,4.8718e-05,4.8718e-05,4.8718e-05
156,109068,0.69937,0.49976,0.06594,0.58626,0.43258,0.44993,0.27703,0.68521,0.56954,0.07481,4.8385e-05,4.8385e-05,4.8385e-05
157,109485,0.69884,0.49919,0.06618,0.58246,0.43343,0.44948,0.27683,0.68519,0.56956,0.07467,4.8052e-05,4.8052e-05,4.8052e-05
158,110101,0.69726,0.49893,0.06671,0.58571,0.43208,0.44974,0.27704,0.68476,0.56946,0.07462,4.7719e-05,4.7719e-05,4.7719e-05
159,110499,0.70064,0.4985,0.06536,0.58595,0.43327,0.45069,0.27757,0.68435,0.56942,0.07456,4.7386e-05,4.7386e-05,4.7386e-05
160,110932,0.69954,0.49736,0.06575,0.58556,0.43413,0.45105,0.27785,0.68456,0.56913,0.07457,4.7053e-05,4.7053e-05,4.7053e-05
161,111438,0.69676,0.49804,0.06575,0.58534,0.43475,0.45101,0.2779,0.68431,0.56944,0.07452,4.672e-05,4.672e-05,4.672e-05
162,113066,0.70236,0.49737,0.06644,0.58922,0.43396,0.45135,0.27821,0.68389,0.56957,0.07438,4.6387e-05,4.6387e-05,4.6387e-05
163,113472,0.69508,0.49668,0.06491,0.58739,0.43522,0.45125,0.27815,0.6839,0.56955,0.07431,4.6054e-05,4.6054e-05,4.6054e-05
164,115146,0.69445,0.49714,0.06527,0.58685,0.43473,0.45075,0.27782,0.68429,0.56951,0.07441,4.5721e-05,4.5721e-05,4.5721e-05
165,115554,0.70096,0.49744,0.06585,0.58662,0.43567,0.45123,0.27808,0.68389,0.56984,0.07431,4.5388e-05,4.5388e-05,4.5388e-05
166,117310,0.6915,0.49683,0.065,0.58319,0.43721,0.45107,0.27826,0.68377,0.56984,0.07428,4.5055e-05,4.5055e-05,4.5055e-05
167,117710,0.69341,0.49427,0.06487,0.58765,0.43499,0.45109,0.27832,0.68312,0.56998,0.07418,4.4722e-05,4.4722e-05,4.4722e-05
168,118139,0.6937,0.49621,0.06545,0.58831,0.43359,0.451,0.27832,0.68275,0.57036,0.07418,4.4389e-05,4.4389e-05,4.4389e-05
169,118550,0.69325,0.496,0.06532,0.58865,0.43344,0.45104,0.27848,0.68278,0.57001,0.07413,4.4056e-05,4.4056e-05,4.4056e-05
170,119586,0.69175,0.49459,0.06469,0.58822,0.4331,0.45117,0.27866,0.68281,0.57,0.07413,4.3723e-05,4.3723e-05,4.3723e-05
171,120095,0.68804,0.49416,0.06423,0.58693,0.43398,0.45107,0.27848,0.68255,0.57012,0.07404,4.339e-05,4.339e-05,4.339e-05
172,121456,0.68705,0.49453,0.06437,0.58591,0.43331,0.45078,0.2783,0.68263,0.57018,0.07416,4.3057e-05,4.3057e-05,4.3057e-05
173,121866,0.68679,0.49216,0.06419,0.58624,0.43368,0.45115,0.27824,0.68253,0.57008,0.07409,4.2724e-05,4.2724e-05,4.2724e-05
174,123114,0.6905,0.49233,0.06402,0.58444,0.43398,0.45064,0.27778,0.68221,0.57033,0.07396,4.2391e-05,4.2391e-05,4.2391e-05
175,123512,0.68221,0.49154,0.06391,0.5843,0.43365,0.45049,0.27772,0.68208,0.57035,0.07401,4.2058e-05,4.2058e-05,4.2058e-05
176,124653,0.68878,0.48989,0.06426,0.58408,0.43383,0.45093,0.27793,0.68201,0.57046,0.07407,4.1725e-05,4.1725e-05,4.1725e-05
177,125049,0.68767,0.49138,0.06394,0.58413,0.43405,0.45103,0.27788,0.68164,0.57056,0.07393,4.1392e-05,4.1392e-05,4.1392e-05
178,125466,0.68254,0.4918,0.06366,0.58596,0.43422,0.45128,0.27802,0.68164,0.57054,0.07403,4.1059e-05,4.1059e-05,4.1059e-05
179,125873,0.68636,0.49147,0.06389,0.58488,0.43384,0.4514,0.27802,0.68182,0.57044,0.07401,4.0726e-05,4.0726e-05,4.0726e-05
180,126394,0.68284,0.49096,0.06351,0.58396,0.4353,0.45168,0.27802,0.6818,0.57044,0.07399,4.0393e-05,4.0393e-05,4.0393e-05
181,126801,0.68404,0.48913,0.06477,0.58469,0.4357,0.45174,0.27826,0.6817,0.57047,0.07389,4.006e-05,4.006e-05,4.006e-05
182,128730,0.6806,0.49005,0.06314,0.58469,0.43561,0.45162,0.27816,0.68174,0.57054,0.07406,3.9727e-05,3.9727e-05,3.9727e-05
183,129139,0.68096,0.48974,0.06382,0.58396,0.4362,0.45166,0.27811,0.68157,0.5708,0.07389,3.9394e-05,3.9394e-05,3.9394e-05
184,130987,0.68306,0.48834,0.06287,0.58384,0.43666,0.45199,0.27847,0.68165,0.57095,0.07391,3.9061e-05,3.9061e-05,3.9061e-05
185,131420,0.68321,0.48771,0.06338,0.58344,0.43662,0.45217,0.27859,0.68152,0.57095,0.07393,3.8728e-05,3.8728e-05,3.8728e-05
186,131818,0.67842,0.48972,0.0632,0.58481,0.43596,0.45216,0.2785,0.68175,0.57078,0.07393,3.8395e-05,3.8395e-05,3.8395e-05
187,132227,0.68197,0.48747,0.06331,0.58522,0.43614,0.45238,0.27888,0.68136,0.57067,0.07385,3.8062e-05,3.8062e-05,3.8062e-05
188,133235,0.67959,0.48809,0.06314,0.58328,0.43749,0.45325,0.27935,0.68126,0.57081,0.07386,3.7729e-05,3.7729e-05,3.7729e-05
189,133727,0.68007,0.48666,0.06369,0.58584,0.4354,0.45277,0.27915,0.68114,0.57084,0.07388,3.7396e-05,3.7396e-05,3.7396e-05
190,134125,0.67939,0.48675,0.06379,0.58652,0.43384,0.45236,0.27865,0.68137,0.57081,0.07387,3.7063e-05,3.7063e-05,3.7063e-05
191,134634,0.67709,0.48517,0.06305,0.58735,0.4343,0.45272,0.27887,0.68141,0.57059,0.07396,3.673e-05,3.673e-05,3.673e-05
192,135403,0.67667,0.48543,0.0624,0.58503,0.43568,0.45283,0.27896,0.68127,0.57074,0.07402,3.6397e-05,3.6397e-05,3.6397e-05
193,135897,0.67845,0.48562,0.0627,0.58548,0.43443,0.45255,0.27877,0.68123,0.57062,0.07401,3.6064e-05,3.6064e-05,3.6064e-05
194,136344,0.67611,0.48476,0.06266,0.58675,0.43374,0.45259,0.27903,0.68084,0.57076,0.07394,3.5731e-05,3.5731e-05,3.5731e-05
195,136856,0.67535,0.48492,0.06271,0.58628,0.434,0.45204,0.27875,0.68092,0.57087,0.07405,3.5398e-05,3.5398e-05,3.5398e-05
196,137261,0.67362,0.48582,0.06246,0.58612,0.43428,0.45193,0.27861,0.68081,0.57098,0.074,3.5065e-05,3.5065e-05,3.5065e-05
197,137669,0.6688,0.48627,0.0623,0.58506,0.43422,0.45161,0.27847,0.68055,0.57117,0.07397,3.4732e-05,3.4732e-05,3.4732e-05
198,139454,0.67445,0.4834,0.06252,0.58614,0.43366,0.45154,0.27828,0.68076,0.57111,0.07405,3.4399e-05,3.4399e-05,3.4399e-05
199,140184,0.67179,0.48377,0.06182,0.58687,0.43345,0.45181,0.27835,0.68075,0.57101,0.074,3.4066e-05,3.4066e-05,3.4066e-05
200,140605,0.6761,0.48362,0.06255,0.58826,0.43374,0.45197,0.27851,0.6804,0.57126,0.07397,3.3733e-05,3.3733e-05,3.3733e-05
201,141013,0.67511,0.48396,0.06181,0.58881,0.43387,0.45207,0.2785,0.68049,0.57129,0.07397,3.34e-05,3.34e-05,3.34e-05
202,141410,0.66917,0.48376,0.06195,0.58828,0.43413,0.4523,0.27863,0.68067,0.57123,0.07409,3.3067e-05,3.3067e-05,3.3067e-05
203,141819,0.67169,0.48261,0.06224,0.58832,0.43402,0.45252,0.27871,0.68035,0.57151,0.07404,3.2734e-05,3.2734e-05,3.2734e-05
204,142555,0.66917,0.48271,0.06175,0.58966,0.43374,0.45263,0.27893,0.68023,0.57184,0.07415,3.2401e-05,3.2401e-05,3.2401e-05
205,143054,0.67009,0.48188,0.06117,0.58846,0.4333,0.45248,0.27891,0.68029,0.57176,0.07417,3.2068e-05,3.2068e-05,3.2068e-05
206,143988,0.67074,0.48217,0.06167,0.58871,0.43385,0.45259,0.27888,0.67999,0.57193,0.07419,3.1735e-05,3.1735e-05,3.1735e-05
207,144397,0.66938,0.48116,0.06176,0.58935,0.43344,0.45294,0.27921,0.67976,0.57216,0.07406,3.1402e-05,3.1402e-05,3.1402e-05
208,145976,0.66671,0.4822,0.06117,0.58809,0.43416,0.45302,0.27946,0.67953,0.57221,0.07404,3.1069e-05,3.1069e-05,3.1069e-05
209,146373,0.66707,0.48129,0.0606,0.587,0.43468,0.45312,0.27951,0.67959,0.57232,0.07414,3.0736e-05,3.0736e-05,3.0736e-05
210,146770,0.66912,0.48114,0.06111,0.58705,0.43517,0.45301,0.27934,0.67955,0.57225,0.07412,3.0403e-05,3.0403e-05,3.0403e-05
211,147180,0.66575,0.48061,0.06153,0.5873,0.43546,0.45312,0.2793,0.67928,0.57249,0.07412,3.007e-05,3.007e-05,3.007e-05
212,147601,0.66331,0.48008,0.0612,0.58719,0.43543,0.45325,0.27934,0.67919,0.57265,0.07407,2.9737e-05,2.9737e-05,2.9737e-05
213,148000,0.66697,0.47942,0.06203,0.58663,0.43548,0.45303,0.27932,0.67856,0.57288,0.07392,2.9404e-05,2.9404e-05,2.9404e-05
214,152121,0.66228,0.48032,0.06152,0.59043,0.43411,0.45304,0.27932,0.67863,0.57296,0.07397,2.9071e-05,2.9071e-05,2.9071e-05
215,152636,0.66737,0.47869,0.06107,0.58802,0.43413,0.45264,0.27913,0.67863,0.57305,0.07399,2.8738e-05,2.8738e-05,2.8738e-05
216,153050,0.66658,0.47808,0.06121,0.5893,0.43411,0.45312,0.2793,0.67863,0.57309,0.07402,2.8405e-05,2.8405e-05,2.8405e-05
217,153446,0.66137,0.47789,0.06064,0.58777,0.43514,0.45316,0.27926,0.67871,0.57298,0.07398,2.8072e-05,2.8072e-05,2.8072e-05
218,154587,0.6646,0.47826,0.06126,0.58919,0.43408,0.45295,0.27921,0.6784,0.5732,0.07393,2.7739e-05,2.7739e-05,2.7739e-05
219,154995,0.66129,0.47788,0.06085,0.58738,0.43595,0.4532,0.27921,0.67878,0.57315,0.07402,2.7406e-05,2.7406e-05,2.7406e-05
220,156832,0.66654,0.47727,0.06102,0.58775,0.43555,0.45321,0.27926,0.67874,0.57318,0.07403,2.7073e-05,2.7073e-05,2.7073e-05
221,157340,0.66243,0.47724,0.06033,0.58684,0.43526,0.45311,0.27909,0.67864,0.57326,0.07408,2.674e-05,2.674e-05,2.674e-05
222,157740,0.66113,0.47791,0.06059,0.58543,0.43668,0.45317,0.27908,0.67874,0.57317,0.07407,2.6407e-05,2.6407e-05,2.6407e-05
223,158137,0.65963,0.47704,0.05994,0.58528,0.43687,0.45329,0.27924,0.67874,0.57317,0.07407,2.6074e-05,2.6074e-05,2.6074e-05
224,158771,0.65892,0.47617,0.06017,0.58502,0.43706,0.45318,0.2792,0.67856,0.57321,0.07405,2.5741e-05,2.5741e-05,2.5741e-05
225,159204,0.65981,0.47548,0.06014,0.58418,0.43668,0.45326,0.27903,0.67859,0.57299,0.07412,2.5408e-05,2.5408e-05,2.5408e-05
226,159602,0.65841,0.47573,0.06079,0.58565,0.43661,0.45337,0.27921,0.67815,0.57322,0.07409,2.5075e-05,2.5075e-05,2.5075e-05
227,159999,0.65865,0.47504,0.06046,0.58494,0.43752,0.45344,0.27918,0.67801,0.57336,0.0741,2.4742e-05,2.4742e-05,2.4742e-05
228,160430,0.65875,0.47513,0.06024,0.58662,0.43702,0.45384,0.27944,0.67814,0.57344,0.07408,2.4409e-05,2.4409e-05,2.4409e-05
229,160839,0.65901,0.47597,0.05966,0.5883,0.43641,0.45335,0.27925,0.67775,0.57371,0.07404,2.4076e-05,2.4076e-05,2.4076e-05
230,162672,0.66079,0.4745,0.06069,0.58915,0.43602,0.45369,0.27949,0.67788,0.57381,0.07401,2.3743e-05,2.3743e-05,2.3743e-05
231,163072,0.65668,0.47525,0.06012,0.58962,0.43617,0.45355,0.27939,0.67776,0.57389,0.07393,2.341e-05,2.341e-05,2.341e-05
232,165071,0.6561,0.47457,0.05995,0.59054,0.43572,0.45373,0.2795,0.6777,0.574,0.07393,2.3077e-05,2.3077e-05,2.3077e-05
233,165468,0.65736,0.47349,0.05976,0.58786,0.43672,0.45373,0.27946,0.67767,0.57409,0.07395,2.2744e-05,2.2744e-05,2.2744e-05
234,166831,0.65696,0.47379,0.05973,0.58983,0.43545,0.45365,0.27938,0.6774,0.57443,0.0739,2.2411e-05,2.2411e-05,2.2411e-05
235,167239,0.65668,0.47306,0.06032,0.58805,0.43631,0.454,0.27964,0.67701,0.57447,0.07387,2.2078e-05,2.2078e-05,2.2078e-05
236,167637,0.65434,0.47346,0.06,0.58886,0.43699,0.45402,0.27974,0.67681,0.57475,0.07379,2.1745e-05,2.1745e-05,2.1745e-05
237,168035,0.65829,0.47305,0.05962,0.58737,0.43655,0.45372,0.2795,0.67672,0.57482,0.07379,2.1412e-05,2.1412e-05,2.1412e-05
238,169230,0.65803,0.47287,0.05969,0.58785,0.43584,0.45332,0.27934,0.67669,0.57486,0.07378,2.1079e-05,2.1079e-05,2.1079e-05
239,169661,0.65398,0.47154,0.05985,0.58731,0.43674,0.45356,0.27954,0.67679,0.57471,0.07374,2.0746e-05,2.0746e-05,2.0746e-05
240,170077,0.65512,0.47266,0.05924,0.58864,0.43637,0.45364,0.27954,0.67671,0.57492,0.0737,2.0413e-05,2.0413e-05,2.0413e-05
241,170484,0.65288,0.47172,0.05929,0.58811,0.43726,0.45366,0.27951,0.6767,0.5748,0.07372,2.008e-05,2.008e-05,2.008e-05
242,171554,0.65449,0.47203,0.05975,0.58774,0.43748,0.45348,0.27935,0.67696,0.57494,0.07387,1.9747e-05,1.9747e-05,1.9747e-05
243,171952,0.64864,0.47129,0.05923,0.58736,0.43731,0.45326,0.27913,0.67647,0.5752,0.07374,1.9414e-05,1.9414e-05,1.9414e-05
244,173093,0.65153,0.4718,0.05966,0.58686,0.43671,0.45314,0.27909,0.67678,0.575,0.07381,1.9081e-05,1.9081e-05,1.9081e-05
245,173501,0.65197,0.4717,0.05907,0.58563,0.43761,0.45347,0.27917,0.67642,0.5751,0.07374,1.8748e-05,1.8748e-05,1.8748e-05
246,174368,0.65486,0.4694,0.05956,0.58457,0.43771,0.45363,0.27931,0.67642,0.5752,0.07382,1.8415e-05,1.8415e-05,1.8415e-05
247,174855,0.64967,0.47086,0.05921,0.58552,0.4374,0.45363,0.27926,0.67667,0.57528,0.07384,1.8082e-05,1.8082e-05,1.8082e-05
248,175251,0.64983,0.47078,0.0585,0.5863,0.4378,0.4539,0.27952,0.67699,0.57523,0.07393,1.7749e-05,1.7749e-05,1.7749e-05
249,175683,0.64871,0.46973,0.05891,0.58683,0.43831,0.45363,0.2791,0.67673,0.57542,0.0739,1.7416e-05,1.7416e-05,1.7416e-05
250,177772,0.65089,0.46979,0.05912,0.58792,0.43784,0.45337,0.27901,0.67673,0.57549,0.07385,1.7083e-05,1.7083e-05,1.7083e-05
251,178204,0.64853,0.4703,0.05828,0.58735,0.43749,0.4535,0.27904,0.67684,0.57566,0.07392,1.675e-05,1.675e-05,1.675e-05
252,178668,0.64722,0.46978,0.05827,0.58736,0.43719,0.4535,0.27912,0.67663,0.57582,0.07389,1.6417e-05,1.6417e-05,1.6417e-05
253,179080,0.64799,0.46989,0.05892,0.58658,0.43774,0.45331,0.27902,0.6764,0.57595,0.0739,1.6084e-05,1.6084e-05,1.6084e-05
254,180690,0.64893,0.46812,0.05862,0.58595,0.43774,0.45329,0.27902,0.67616,0.57624,0.0738,1.5751e-05,1.5751e-05,1.5751e-05
255,181090,0.6531,0.46793,0.05861,0.58656,0.43726,0.45353,0.27903,0.67616,0.57627,0.07387,1.5418e-05,1.5418e-05,1.5418e-05
256,181612,0.64689,0.46869,0.05845,0.58757,0.43668,0.45344,0.27903,0.67612,0.57639,0.07386,1.5085e-05,1.5085e-05,1.5085e-05
257,182025,0.64779,0.46657,0.05876,0.58921,0.43598,0.4533,0.27885,0.67605,0.57656,0.07388,1.4752e-05,1.4752e-05,1.4752e-05
258,182425,0.6473,0.46722,0.05839,0.589,0.43567,0.45319,0.27879,0.67609,0.5767,0.0739,1.4419e-05,1.4419e-05,1.4419e-05
259,182858,0.64979,0.46769,0.0587,0.58699,0.43658,0.45306,0.27864,0.67604,0.57684,0.07392,1.4086e-05,1.4086e-05,1.4086e-05
260,184839,0.64307,0.46817,0.05757,0.58672,0.43744,0.45335,0.2788,0.676,0.57667,0.07397,1.3753e-05,1.3753e-05,1.3753e-05
261,185250,0.64725,0.46713,0.05856,0.58784,0.43659,0.4535,0.27887,0.67586,0.57688,0.07388,1.342e-05,1.342e-05,1.342e-05
262,185646,0.64655,0.46749,0.05833,0.58848,0.43733,0.4541,0.27926,0.67587,0.57706,0.07387,1.3087e-05,1.3087e-05,1.3087e-05
263,186058,0.64514,0.46698,0.05867,0.58904,0.43714,0.45397,0.27915,0.67575,0.57727,0.07388,1.2754e-05,1.2754e-05,1.2754e-05
264,186467,0.64287,0.46637,0.05824,0.58821,0.43764,0.45412,0.27949,0.67577,0.57732,0.0739,1.2421e-05,1.2421e-05,1.2421e-05
265,186863,0.64527,0.46644,0.05858,0.58781,0.43767,0.45409,0.27927,0.6756,0.57737,0.07393,1.2088e-05,1.2088e-05,1.2088e-05
266,187259,0.64492,0.46622,0.05873,0.58833,0.43807,0.45441,0.27955,0.67554,0.57755,0.074,1.1755e-05,1.1755e-05,1.1755e-05
267,187656,0.64347,0.46636,0.05786,0.5874,0.43841,0.45432,0.27953,0.67523,0.57774,0.07388,1.1422e-05,1.1422e-05,1.1422e-05
268,188981,0.64135,0.46555,0.05733,0.58675,0.43815,0.4539,0.27952,0.67507,0.57799,0.07386,1.1089e-05,1.1089e-05,1.1089e-05
269,189393,0.64098,0.46523,0.05728,0.58738,0.43745,0.45379,0.27938,0.67525,0.57783,0.07388,1.0756e-05,1.0756e-05,1.0756e-05
270,190558,0.64501,0.46525,0.05763,0.58763,0.43836,0.45368,0.27928,0.67537,0.57792,0.07396,1.0423e-05,1.0423e-05,1.0423e-05
271,190957,0.64068,0.46461,0.05843,0.58777,0.43722,0.45349,0.2792,0.67518,0.57801,0.07389,1.009e-05,1.009e-05,1.009e-05
272,191355,0.64647,0.46481,0.05816,0.58793,0.43747,0.45336,0.27919,0.67511,0.5783,0.07386,9.757e-06,9.757e-06,9.757e-06
273,191751,0.64675,0.46405,0.05815,0.58788,0.43748,0.45341,0.27926,0.67538,0.57817,0.07388,9.424e-06,9.424e-06,9.424e-06
274,193717,0.64414,0.46564,0.05809,0.5874,0.43738,0.45332,0.27913,0.67508,0.5784,0.07381,9.091e-06,9.091e-06,9.091e-06
275,194150,0.64319,0.46348,0.05763,0.5859,0.43832,0.45323,0.27908,0.67522,0.57839,0.07379,8.758e-06,8.758e-06,8.758e-06
276,195119,0.6418,0.46463,0.05757,0.58648,0.43854,0.45338,0.27921,0.67524,0.57839,0.07379,8.425e-06,8.425e-06,8.425e-06
277,195587,0.64572,0.46392,0.05798,0.58536,0.43911,0.45329,0.27922,0.67541,0.57837,0.07374,8.092e-06,8.092e-06,8.092e-06
278,198686,0.64185,0.4636,0.05739,0.58602,0.43895,0.45337,0.27933,0.67496,0.57861,0.07372,7.759e-06,7.759e-06,7.759e-06
279,199085,0.6409,0.4637,0.05777,0.58693,0.43859,0.45375,0.27954,0.67535,0.57847,0.07386,7.426e-06,7.426e-06,7.426e-06
280,199505,0.64058,0.46351,0.05729,0.58661,0.43922,0.45381,0.2795,0.67528,0.5786,0.07376,7.093e-06,7.093e-06,7.093e-06
281,199909,0.64209,0.46281,0.0578,0.5844,0.44014,0.45393,0.27959,0.67508,0.57883,0.07372,6.76e-06,6.76e-06,6.76e-06
282,200515,0.64378,0.46277,0.05773,0.58721,0.43897,0.45381,0.27939,0.67518,0.57897,0.07381,6.427e-06,6.427e-06,6.427e-06
283,201021,0.64332,0.46229,0.05751,0.58568,0.43922,0.45351,0.27924,0.67533,0.57899,0.07377,6.094e-06,6.094e-06,6.094e-06
284,201418,0.63764,0.46294,0.05672,0.58612,0.43821,0.45294,0.27894,0.67533,0.57918,0.0738,5.761e-06,5.761e-06,5.761e-06
285,201826,0.64359,0.46242,0.05746,0.58452,0.43851,0.45252,0.27879,0.6755,0.57922,0.07381,5.428e-06,5.428e-06,5.428e-06
286,202222,0.63721,0.4634,0.05682,0.58427,0.43846,0.4525,0.27864,0.67573,0.57935,0.0738,5.095e-06,5.095e-06,5.095e-06
,,,,,,,,,